car_type,age,mileage,engine_type,service_level,parts_quality,total_cost
4,2.4348705035355116,156454.73407808103,2,1,3,3982.4350566204853
1,10.685518253993708,132492.07550161832,3,3,1,3469.2946841708167
4,12.647188980966583,156679.802433522,3,1,1,5127.73591625073
2,1.8599027908984658,113039.5218580857,3,2,2,2747.495698979618
1,9.078219564357967,112820.10513578982,1,1,1,2526.15064989886
1,15.72529133091544,126581.69022691026,3,2,2,3669.2274217029035
2,8.711315436875235,192757.7208125226,3,3,2,4527.714440704555
3,12.227141563844617,138674.81128299236,3,2,3,3816.857857219424
1,14.889435535478954,76873.39060124035,3,3,3,3632.753022140379
1,10.549349379699727,85833.83548513042,3,2,1,2839.9480106131823
1,16.059290618873163,106108.42060124876,1,1,1,2855.2283991876357
4,14.051515808330807,84980.47712504104,2,2,1,3567.2090932697643
3,5.538748061416431,180468.11054957644,2,1,1,3034.268082473776
2,18.32378301588913,79833.1794059693,3,2,1,3044.8266088962914
3,9.401197804320514,93846.75918977233,3,1,2,2666.4005955690955
1,18.589911089065346,194449.60178059875,2,2,2,3914.43235543491
4,6.040220073622858,68260.02998563446,1,1,2,2588.59137835292
2,15.527643984987058,72521.564742265,1,3,1,2945.692590432811
2,13.160666077627356,33622.446853211615,1,2,2,2097.0029135861123
4,17.21236942082788,100056.0912744657,1,3,2,4362.916429996156
4,18.653568195509465,140822.04821173038,1,2,1,4995.367212296015
4,3.1068100484310306,194565.16730086633,3,2,2,5294.168198652767
1,7.797834254993896,177622.63984698025,1,1,3,3162.2878398041103
2,7.873642287292808,24523.27196624656,1,3,1,2018.4084542328562
4,6.278082384978606,149086.4694371077,3,2,1,4850.0533354422005
3,7.016865522389036,43648.93129796746,2,3,2,2034.7949022778341
3,3.6935800153007836,156028.49976370434,1,3,2,3331.7609201371447
4,14.873513064568506,169873.7508467745,3,3,3,6236.491511252483
2,14.178798268760401,147158.86281025413,2,2,1,3187.617379849328
2,6.179971686999975,26977.510121887666,2,3,3,2040.2206419933823
2,8.462891272694108,26641.856295091107,1,1,2,1648.0000447200714
4,4.32054447201359,155740.2184847272,2,1,1,3637.560604449428
4,7.093970606108677,87627.82532403467,3,2,3,3911.1052938110465
2,8.514061188060271,100432.48889796138,1,1,1,2376.6248996252925
4,7.329736084952736,181432.29152530755,2,2,1,4415.822547135747
4,13.68404676071233,107216.4769024888,3,1,2,4363.139056298525
4,5.780607671075119,22351.965200635685,1,1,2,1947.2855096674705
3,12.306289990827398,186166.70686550738,2,3,1,3576.9162981555137
4,16.596146349379566,172724.11496698426,1,3,2,5471.83339368246
4,11.875762539489147,61584.90968156128,1,1,2,3164.202535073778
3,7.297945571185257,22022.53320081084,3,1,1,1730.2703384427882
3,15.05234824465334,127166.04877814242,3,1,1,3239.4963682076577
1,5.954457664296893,191241.22049277602,1,1,3,3548.6744881112195
1,17.585463012378778,181878.19632220446,1,1,2,3648.6063867333637
1,9.785792238052867,35500.746466820936,1,2,2,2177.9891925193065
2,2.645733918840217,59822.76790063137,1,3,3,2249.591542398828
4,1.5938330530011053,180021.3908054741,3,2,1,4752.25908606642
1,17.61780201849139,112713.1268222097,1,1,2,2991.7972156680207
4,4.309939076497066,36529.17395437528,3,2,2,2718.5230861057157
2,12.233934261167606,197064.92926556832,3,1,1,3980.0597628429746
4,13.600040138314705,134255.20631355658,1,1,1,4286.769160130175
4,18.797641750428596,93908.38616081221,1,3,2,4641.793008012729
3,5.8400728057959554,45786.09749677677,3,3,2,2508.2888244460364
3,2.215151140380724,25255.725464974006,1,1,2,1386.9861564606192
4,17.3025645541472,148008.17709766023,1,1,2,4821.020271485876
3,5.799905750355446,137882.87527748203,3,2,1,2992.317860851538
4,11.271544301544383,140508.86590867455,2,2,2,4349.252046509921
4,5.380618711384589,108666.93772312094,1,2,3,3683.547194309843
2,4.245262328989898,133180.1396555491,3,2,2,3334.330107437504
2,5.659778086062276,101473.91301900639,2,2,2,2526.362544068437
1,1.0878571144197933,73772.63094477876,1,2,1,1907.3878203586225
2,17.314466103437194,163941.56136851528,1,2,1,3554.3886967635167
1,13.807574839027811,141386.39015018137,1,2,2,3284.6701464175285
4,1.0931643768618675,198197.74359177437,1,1,1,4349.652597395424
2,11.806915651585088,150522.0612287999,2,3,1,3183.450366779775
4,3.764299298640801,27421.856393073056,1,2,3,2490.099982452072
3,12.235058765496374,166661.74415404873,3,3,3,4408.151320460745
3,12.107465905900277,87448.01914096152,1,1,3,2721.7323688218285
4,12.56311100347593,108436.50359644438,1,2,2,3876.0505775650595
4,10.172600554257055,22296.320709519765,3,2,3,3110.8274725200968
3,19.49908635712434,54961.91749020278,3,2,2,2967.879323539578
4,3.537132550628139,36014.857458361555,2,1,1,2025.0284618948842
3,15.086865201739053,42714.4025006647,3,3,1,2908.5008689370407
4,6.163763033799036,76101.05482861829,1,1,3,2831.8298906926234
4,7.118233028600334,90548.66357120957,1,2,2,3464.551279277002
4,14.784805713818567,176372.93553704568,1,3,1,5344.7314329526
3,18.280539560568634,60064.549382839185,3,2,3,3238.540898360833
2,15.405395935486792,158176.9668675859,3,2,1,3950.6219211592665
2,12.707329211911265,163958.37959141732,3,1,1,3523.0008693005943
3,5.124385722611297,199560.09094009342,3,3,2,4299.362618719529
2,4.611621815899804,140804.91308003553,2,1,2,2594.911285843494
1,12.259004522381899,26469.916646636488,1,3,3,2235.1051325235258
1,19.214330191356407,67711.07664011228,2,3,2,3014.364294288511
4,7.5579053682832305,180836.36772319794,1,1,2,4468.830684758294
1,19.477707641821453,86721.34382399237,2,3,2,3281.5839944034337
2,3.942700920602731,148796.03783482595,1,2,1,2864.3204805739224
2,1.8326247377690006,33888.905616578915,3,3,3,2353.3038437663104
4,14.251214278791975,195098.6105912722,2,1,3,5372.696542401459
3,16.59935669220399,13381.257068325387,1,1,2,2132.379670426563
2,5.9193053376727764,88937.5128679927,2,3,3,2882.06521048892
3,8.131966208946555,193045.18634634765,2,1,3,3684.5100452663673
2,9.126005315187198,36238.394218910056,2,3,3,2321.0284368632842
4,11.363363887511193,68836.1310594826,2,2,2,3285.9989326720943
3,2.6709613178519875,136185.20149955282,2,3,3,3012.071748256782
1,19.82366786162311,189720.09689946126,3,3,1,4764.167997158582
4,1.5206243038400626,165180.36333223304,3,1,1,4386.954236238079
4,9.730015893614613,83937.40782911603,1,3,3,3852.0460119087056
4,2.6771747131230903,130742.99459747491,2,1,2,3570.7528515881136
2,9.201542276817102,192679.59147202986,1,1,3,3400.73820149927
1,17.911283034157144,119315.25438148822,3,1,2,3700.574334885594
1,11.780395895787455,75600.41854515609,3,3,3,3085.5570321821087
3,11.037079731798709,132680.98755107704,2,3,3,3353.806585894563
1,14.327328191149485,190775.05308353214,1,2,1,3783.0995937567704
2,8.79568836536086,174185.77214133771,2,2,3,3364.6678044981395
2,10.016587913544335,169853.4389671488,3,3,1,3855.8467795055003
4,5.763119162645366,110315.44780619477,2,2,2,3429.0494592659065
4,13.720051414015904,140586.770805059,2,1,1,4244.989137332153
4,1.0604628272819823,162071.63877731244,3,1,1,4091.190585923624
3,17.043231725965526,95601.01754186291,1,2,3,3313.108963013221
4,10.955039522252559,39102.80558516373,3,1,3,3128.1960723661105
3,5.952651331282805,173642.47357638026,1,1,2,3019.3282543165224
1,16.745786187122732,22823.658760471342,3,3,3,2779.3747558214523
3,13.459291460521811,196699.5735351496,3,2,1,4459.097062744832
3,11.663637343153255,41948.67993088199,3,2,1,2212.5659270959104
3,2.795864434928534,49702.603514903596,3,2,1,2051.6919018620883
2,4.163070653270998,60194.442358190674,2,2,2,1875.6761682174888
4,9.708578687318468,140546.14561110054,2,1,1,3965.8612215711173
3,15.357055931165297,154995.52800793815,3,3,3,4484.194881944406
1,11.103982906065681,37127.38244390387,2,1,1,1775.7529922046865
4,4.064322623902358,101492.76160430635,2,1,2,3104.8570121365124
4,6.909014551949616,30324.109736304163,2,3,2,2748.9335216720447
4,18.177898700121236,115299.61639489853,2,3,1,4738.401759826944
4,16.9259099298864,90191.75539841366,2,2,1,3881.724238476006
3,4.6365267157262595,49203.5503303662,1,2,1,1757.785987055524
2,16.007399625610475,101242.02813245494,2,2,3,3070.034715654838
1,17.660032019500637,177593.05386916248,1,2,1,3870.81574397287
3,3.7282107053798046,132008.5929412655,3,3,1,3210.15722104646
1,13.42638540169679,66274.81500924905,2,3,2,2624.057001523224
2,8.012231153219702,54248.26485006837,2,1,1,1914.3272022702997
2,6.588547054241248,13519.90698137113,1,2,3,1996.3906239700636
4,10.933007646979496,145113.25032236136,2,1,2,4149.010828619816
2,13.824479518047522,71011.76908710567,2,2,3,2790.655787749141
3,2.785950254671871,18998.75218280666,2,2,1,1510.4343583503528
4,11.50466109216204,60545.41777048743,3,2,3,4036.127153600486
4,11.770870293419847,78737.2490758042,3,1,1,3852.5017367559435
1,10.379927865638683,12978.453993972766,1,1,1,1518.1346330321505
2,1.031509332183107,65165.96918159473,1,2,2,1731.9281653519236
3,4.514617485487964,103264.25399577015,3,3,1,2764.461038119631
1,10.745592934349865,87822.62433656333,2,1,2,2237.332016370362
3,5.473910476145273,139450.1658537695,1,2,2,2756.9669171687337
4,17.83373635305399,138835.77847106988,3,3,2,5850.09547676913
1,5.3536512645788195,188022.83167868684,1,3,2,3596.085901035937
4,10.968637337747332,178324.70936318848,3,1,3,5674.678278458209
4,17.92563446581579,20709.781286980207,3,3,3,3853.891019979346
2,18.64113081123172,69148.84100474618,3,2,1,2934.093976762958
3,14.732116445238244,72840.16136699081,3,2,3,3258.3123199310235
3,17.682472549462783,104826.87529849625,1,2,2,3190.1295772244894
3,10.952400201220202,178593.42376407178,2,3,3,4064.997896546284
3,8.027835370363304,89281.36408963894,2,1,3,2377.229818321422
3,14.201914508003734,158165.0721892067,3,3,2,4261.52109424907
3,6.041376437654273,71571.22327699634,2,2,3,2244.0753809096323
4,2.3151632114361274,169737.65602440582,2,3,2,4399.023970765193
4,3.2433422548314144,125750.46233911604,1,2,3,3699.7452954021464
4,1.0797947834524395,166371.3707972588,1,1,3,4014.851750095864
1,4.521009553287823,93035.78152983097,3,3,3,2873.793708157188
1,19.103953480762154,95213.17202361418,3,3,2,3787.301827753871
1,2.0051469234678727,186829.53903753508,2,2,2,3195.186958380628
3,12.35672072918172,147781.42334571516,3,3,2,4009.6802549203703
1,6.117278338333068,186612.9277307959,2,3,2,3516.237207178926
4,19.286538699804126,13236.479801110738,2,1,2,2711.631338873271
3,9.130080538357955,50375.71293875151,3,1,3,2389.13019727869
3,8.725788397069827,21973.26168043355,1,1,2,1739.5529250617478
2,2.9032416856182195,68990.37961754357,1,3,1,1897.7194991721399
1,15.06906526511008,116185.19570442212,3,2,2,3492.0024246619646
2,13.210207973885872,173797.77856387568,3,3,2,4189.077625689505
1,7.324077542576154,186532.33919972964,1,3,2,3555.210904080318
2,6.328455771398913,150819.02549664918,1,3,2,3117.790254858826
1,17.618305420293936,86582.52056608367,3,3,3,3734.4894194507383
3,4.591961968145684,27345.740057758172,2,2,2,1518.0551145158847
3,3.3697171876678382,115140.79023448321,2,3,2,2637.251457124031
3,13.721164729316241,60653.30577706018,1,1,3,2277.619967733647
4,5.020542782347646,47982.48056846849,3,2,2,3036.2983218951917
3,6.170535436508936,38113.38590023265,3,3,2,2323.476080656208
2,9.368046869171323,77059.76236485546,1,1,2,2184.1834932127335
1,1.6363165860246436,85028.13439905745,1,1,2,2003.0011121679406
1,12.106233752411368,32924.636053833136,3,2,3,2377.615410695298
3,18.360378310785368,171922.203000588,1,2,2,3747.9681307103365
1,7.4018773541242595,181232.25558229105,3,3,1,3819.036783420477
1,8.502320084808709,18602.0823038279,2,2,3,1811.4518745661787
1,14.768314849084899,43287.45112956834,2,2,1,2249.9347457347326
2,1.13608275572693,137131.4121608295,2,1,1,2337.595917369142
3,5.724468898395217,74972.2263352754,3,1,1,2175.3723320245404
1,9.85232436045561,118215.89942105803,3,1,2,3155.343300561368
2,3.7923343021747256,79190.9722404774,2,2,3,2325.6045583548957
2,3.0261937319273273,125501.10620314843,2,3,2,2830.532712046405
3,7.305443329920819,154923.35088703214,2,1,3,3003.2917683181513
2,13.735557106413815,185760.30171060425,1,1,3,3658.2041726823754
3,9.512130538216706,105502.28634358762,3,3,3,3348.7877925563284
1,9.406149373507523,108432.59437697842,2,2,1,2484.2770596965665
4,10.384666169893741,163384.41853190897,2,2,1,4520.290420961939
4,3.5758624502780663,11584.33793375984,1,2,1,1561.529524557211
1,15.160392670994234,142845.08401553245,2,1,1,3182.2924039176473
4,13.58754358160723,62153.86236999536,2,3,1,3297.188230124691
4,4.0494070182916655,106034.12193106419,3,2,1,3599.7356424844884
3,11.023164377059045,126936.0433175935,2,2,3,3364.698148872986
1,6.786578138244205,65596.68921593271,3,3,3,2827.6551863197856
2,7.582399445392941,21487.40766973157,2,3,2,2118.799876188443
3,12.59521063948495,166167.68377564038,1,1,2,3150.8653906273867
1,18.343355406647312,173476.95981143438,2,1,2,3679.881418408899
4,18.197143759468645,183055.42737384944,3,2,1,6409.214993700715
4,3.9971302698537787,139161.76054213446,1,1,3,3658.6035675531066
1,18.055779660351675,172496.6464629261,1,1,3,3816.0500004534106
3,10.494804443652699,151830.10148470028,1,1,2,3215.542269030545
3,8.841630904979505,149562.44825439426,1,3,3,3506.581469557967
2,5.2757687929428885,158615.00394663957,2,2,1,3031.6353676808803
4,8.079525896937952,49398.83645740316,1,3,2,3149.3217145974368
4,2.579059458902605,73169.36515360637,2,1,3,2694.8234727624854
3,12.632665199816412,102982.31049083474,2,3,3,3127.2478798368916
3,9.756713332142056,188805.92120151292,2,1,1,3093.321252211339
1,15.044115579303618,153749.06397733733,3,1,3,3863.5459828380294
2,7.649384471265127,53929.66366630521,3,3,2,2526.2182911056248
1,13.96002871556549,106187.24852067103,2,1,1,2493.3544776457375
2,17.595623680656068,117055.97250453307,3,3,2,3834.6280098543343
3,17.902848295350452,179660.3594043834,2,3,1,4036.422313106321
2,17.775820671180664,32318.48737042225,2,3,2,2464.7644494071947
3,1.6546700461934591,142350.46631829155,2,1,3,2814.332214776571
2,19.230375836448914,169922.8533782637,3,3,1,4353.418368346179
1,15.921452378666226,63326.41348050042,2,1,1,2165.953751749777
4,16.65910019222789,151628.6996022332,3,2,2,5755.416844257505
1,3.486450502314204,77259.91893245398,2,2,1,2192.2438482728467
3,6.554150815029552,122703.97070904916,2,1,3,2597.815418466467
1,5.430184805873561,137798.69884020474,1,2,1,2632.764597379959
2,1.579744893910993,21606.456574937118,1,3,3,1780.6524048207687
4,19.98107352674588,22139.139682723522,3,2,1,3483.461996579896
2,18.92922908105675,195226.07088554197,2,1,2,3897.0341907277957
4,2.6381901939175045,76147.2116411148,3,2,3,3545.559203479446
3,11.625771774978725,26523.190715393415,3,1,3,2231.2760489018306
4,6.249485990451555,97703.30503762045,1,1,2,3250.559775508664
3,16.549664252469697,151141.98009555592,3,1,3,4209.704661513659
4,18.90491903877829,150722.11365751657,1,2,2,5137.005066591211
2,16.34412758739218,98851.6610987357,3,2,1,3418.124271406902
4,11.397300715222801,118997.41256755675,2,1,1,3686.349210277077
4,17.42162389458579,121738.05557366104,2,3,3,5110.286922175882
2,2.562403428206737,181561.14010074633,1,1,2,3129.3019675536916
2,14.320859116740145,75977.70799853271,1,3,3,2995.387933292437
4,12.314846952516667,185656.2618483539,1,2,3,5382.278031582104
4,4.955111940150265,20802.636989168634,3,3,2,2624.299888709493
4,15.843009799324841,70558.06314012452,1,1,3,3738.2475618599033
4,1.6029304314212982,34784.026020419275,3,3,1,2416.1796868848496
3,2.766927681137397,105408.31472432085,2,3,2,2753.0874002334613
3,3.8484180821937155,193893.63987034129,3,2,3,4196.173160869399
3,10.039216028861055,39819.76985449474,2,1,3,2067.7217943687574
3,19.760893293454924,127235.05728124634,1,2,1,3490.4906570968606
3,18.844444278549616,179534.3899537751,3,2,2,4586.735065739726
4,5.794603544265073,86134.1352945677,1,1,3,3267.7232834856195
4,18.814111455788385,32796.418300702426,1,3,1,3278.9212582725436
4,14.291473600601456,12802.60109808858,3,2,1,3144.526840403661
3,19.56550513905662,45222.50475545917,1,2,1,2366.314886593781
1,14.965204515869713,72995.7057765435,1,1,2,2645.8224739330917
1,2.339934524604067,95099.23524056845,1,3,3,2672.1422184381668
2,9.946610846033973,187795.0038865435,1,2,3,3646.246236713079
1,14.580864628071465,38389.405679693926,2,3,2,2348.723542654883
1,12.852346472099494,188684.16243810733,2,2,2,3913.297150554337
3,18.038513761234988,104608.96216162335,1,1,3,3217.3278627656455
1,14.090131426066096,68066.00865899393,3,2,2,2830.756235008701
1,1.196762212141326,70360.57024193768,3,2,2,2072.967324063177
2,3.249850907079125,18077.386463441493,2,2,2,1491.3134589223446
3,15.422027871604866,39207.226946999595,3,2,1,2479.281932395847
3,8.494142337860634,144074.27146054496,1,1,1,2813.871794402977
1,1.3123886588971616,138359.89644005086,3,2,1,2741.351552996294
4,1.4079274906942318,83494.19649273777,3,2,2,3041.920456978159
4,15.04324952723135,198707.40869852545,2,2,3,5747.975127342959
1,8.130361097224231,157150.29959894373,2,2,2,3228.134348915874
3,16.36295808144124,169789.15526992542,1,2,2,3799.0524875490773
2,7.075748280474963,60563.31050941151,3,1,3,2409.2698499741255
1,2.714344287858575,129355.42194828577,1,2,2,2503.419171175481
4,3.125028422276224,143711.9578183675,2,3,1,3834.6200025408557
2,14.647684167316672,19062.67595615256,2,2,2,2054.3888321322684
2,18.99212537597194,135152.60410038155,3,2,1,4053.671225745847
3,15.03931813944173,176873.94300300232,3,3,3,4788.349302928638
3,16.891735956564574,14216.431455160242,1,3,1,2054.325948987037
4,16.14122849497101,27737.282143530978,1,1,1,2749.693574765257
4,10.11588605357677,78461.39121500507,1,1,2,3358.0332477007214
4,6.495043009039111,100318.64330780292,3,3,2,4341.491899889729
3,18.694981054128792,160075.7187826546,1,1,1,3210.4563868983596
4,1.203721829917681,92503.78027458223,2,3,2,2950.9700141398607
2,15.793071735613708,144882.44936382992,1,1,3,3433.2424176256573
4,8.673694952269313,186267.77687538194,2,2,2,4874.0893451629
3,18.46160742682007,26563.106825766303,3,2,1,2609.93442601946
2,7.158471433174781,31124.613683290012,1,3,2,1958.5552391165984
2,18.828082036724986,156703.2663197199,3,1,2,4041.266037676564
2,11.951496907086922,60225.16980242464,1,3,3,2699.914391747726
1,7.275456248206617,138195.14906265453,2,3,1,3150.4692962395507
4,16.257248522821133,60932.32285183381,1,3,3,3786.302247618496
2,2.7339729553749947,135308.40536898287,3,2,1,2891.5902248832394
1,1.6925323302832087,127305.984214444,3,2,2,2789.7254971957573
1,9.775731693439106,129079.25730466601,1,1,2,2877.0383674323125
4,9.930192708757193,154626.09711558095,3,2,3,5401.956829006615
2,18.77383350489213,11711.821964868419,1,1,3,2211.4230914122663
2,14.655658742040059,56540.77647414987,2,2,2,2614.7516064398087
1,13.388826473773738,117707.53124400138,3,3,2,3519.046706704819
4,7.816969477325067,81286.09321976239,1,1,1,2771.828779202512
2,4.525988793547652,68812.36043943907,2,2,3,2173.211249590981
3,1.5876167460474384,45557.54841350888,1,3,3,2234.792889629523
4,17.276478607807704,40206.52493845645,3,2,2,3722.796014498547
3,6.498803396845794,22471.390060990052,1,1,1,1562.8962513451597
2,6.659580738244347,121333.65006305893,3,2,2,3255.7267293474915
4,11.995173477518334,87414.71780877246,1,1,2,3281.532604623765
1,9.7168183650976,143146.87865764205,3,2,1,3439.734041512264
1,3.977680396456888,39708.40749186858,3,1,1,1600.0836804805235
2,10.628648277967278,98562.52128520183,1,1,2,2581.3876175125642
3,6.9106428088437575,82690.10056828661,3,3,3,3112.2589253209694
2,15.560618044387738,140213.10749489063,1,3,3,3895.187001003792
2,19.92058582454168,118039.9819487783,2,2,1,3371.8209860813226
3,4.287728310573817,110490.33770053597,1,1,1,2217.50607675336
2,17.297804617990955,107610.2242394769,3,2,2,3451.6286729011636
1,2.624080027976382,32331.5318363262,2,2,3,1873.9063134518667
3,8.394510491706004,110793.3411353207,3,1,3,2966.6189278788897
2,2.0435427732542495,111385.13310016232,2,3,1,2565.4848711204104
4,1.548896549753195,14938.014582603626,1,3,2,1885.7549198918457
2,4.467102691501431,174520.5338637106,1,1,3,3288.90486340246
3,7.778501688526146,94238.46858250748,2,2,1,2311.923387794486
3,3.9637601094327635,41076.11420365346,3,1,2,1890.8793937264213
1,10.675612217895802,137342.19592583278,3,2,1,3570.2525969027197
1,18.82018160913463,121328.36440699291,1,3,1,3322.010636867821
3,9.41955944596254,117136.13868557314,2,1,3,2670.347328291005
3,9.690715551118226,13952.137198103695,2,3,3,2158.1900468367903
3,13.807481297567387,89251.26021286042,1,2,2,2742.251505852364
2,15.352901119028402,182406.19517768762,2,2,3,3796.493807013475
3,1.4426772889066306,120628.26315541628,2,1,3,2254.1022485375843
4,11.943095263714673,116275.87161572384,3,1,1,4303.597457073331
3,2.883427256725325,62252.71633742704,2,2,1,1708.668602346239
4,17.53464670998458,81334.22801695572,3,2,1,4437.331692495325
2,19.886838304290375,166000.58695706623,2,1,1,3704.1569532222347
4,15.09353962820586,82901.56338760455,2,3,3,4350.3127822998495
3,13.245399397603878,70390.54237431822,1,3,2,2836.515583612448
1,7.217649767659644,126743.4639500835,3,2,1,2959.7052901373554
3,1.3470087392049184,77524.81577262763,2,1,2,1659.5465697685588
4,17.65601391981088,180159.13154656847,1,1,1,5098.798822477381
3,12.04021852032421,94917.35367461924,3,3,3,3660.729185989983
3,15.041289265295296,126261.14315863766,3,1,1,3268.5013210742864
1,9.43588444252249,167643.6426872069,3,3,1,4026.0685206576595
1,10.54123945295417,12757.881822928764,3,2,2,2274.7034003797176
2,8.472723837118782,46376.84559062839,2,1,3,2110.273340361969
2,2.1710712503249487,98871.35232415395,2,2,3,2386.603061869777
2,12.263306625557513,170147.39394634668,1,3,3,3753.5099345580743
4,12.73558745281447,26719.357878719195,3,3,2,3495.3401202705923
4,14.551154420432699,196588.92516753238,3,2,1,6378.645954141669
4,9.317776013607789,144933.34341257007,3,3,1,4986.093181091352
1,14.844414469247802,61047.25360292622,1,3,3,2829.2005602737117
4,5.26847880914349,79515.24614859666,1,3,1,3042.279114774586
1,16.656641987908003,80129.89263276223,1,2,1,2834.12145026414
3,2.466779778025792,155054.55627724246,3,1,2,3274.381180944145
4,5.757661183366711,192443.37479839538,1,2,2,4879.637253035327
2,5.018348043796736,122006.30609945026,1,3,3,3120.7549962339485
2,18.953442672031187,24579.271706593936,3,2,3,2977.2172790276327
1,12.399816356949863,182968.7072246561,2,2,1,3366.46068088673
3,18.33863146529606,187941.0772788134,2,2,3,4096.087662220456
4,6.486994096026121,14298.522925988862,1,1,2,2027.1486590577997
1,12.767209961070908,78996.25107475743,2,1,3,2488.0775561075893
2,18.619498580749752,75289.24371748566,3,3,2,3678.6065540083523
2,11.237304000760316,44053.79948791273,1,3,2,2389.951714188503
4,9.807784076373842,137560.91572951915,3,2,3,5080.934286205232
3,3.682285717398517,150463.34454028038,2,3,3,3080.9234254361118
1,9.611377294675092,181661.43462985966,3,1,2,3715.914008517859
2,12.69887564775563,155975.78084932352,2,2,1,3328.0825664528406
3,1.750053447846977,32150.927874968398,3,3,1,1873.1593903866703
4,13.162053121820644,17113.424192499955,3,1,3,3202.665656927199
2,5.605256295888857,171032.86237637862,1,3,1,3240.793446110783
4,4.998689488631189,22250.071096693893,3,1,3,2244.781755343476
3,2.9738000953422956,28210.761252139982,1,2,2,1638.720824318186
3,16.963902334402295,196169.54269340532,3,2,2,4640.120187868694
2,12.324613580340323,23168.377575156373,2,2,1,1772.8994754919054
4,17.84688051704898,112461.37409563965,2,1,3,4434.517142357787
4,1.7257595377241945,92764.64101740903,1,3,1,2982.316930193256
3,16.598249638709156,140129.1324209978,3,1,3,4052.965487402647
3,16.140910149267334,111146.68549898005,3,3,1,3731.48407623357
2,12.768325198244248,137039.4669864584,3,1,2,3335.221596035851
2,13.689296021163653,177883.4202749496,1,3,3,3983.7172633977643
1,5.662102727725596,62213.98646188342,1,1,3,2205.4675270540333
3,7.89402508096444,196387.51500962613,3,2,3,4475.334717667011
1,1.1583247835591817,138981.4750646333,3,1,2,2707.2925158314365
1,11.56693969151854,43375.293606897794,1,2,1,2061.894073653452
1,18.11701994017966,127809.06089896931,2,3,1,3266.099225183937
1,4.629389272565573,160723.1205261081,1,2,2,3139.1134238048407
4,1.1348925611517198,91144.7422959026,3,2,1,3132.706048514546
4,5.395979239705483,39292.340781889565,1,2,1,2436.713384776415
2,17.838017142596694,41099.641445801186,3,2,2,2781.448294602516
2,12.907621911564176,91610.19923840252,2,3,3,3020.2056962303845
3,10.781954237665722,160233.1822703222,2,2,1,3221.803606469623
4,4.268284446740353,75961.17846362722,3,2,2,3216.014058906457
2,17.957567859614134,109227.00133749138,3,2,3,3726.3483317128243
1,10.311402024838277,193921.27992034066,1,3,3,4105.849795456306
4,1.018590438883224,97085.28231088603,2,2,3,3046.5823942211136
4,2.893198771855493,76935.7587908379,3,3,1,3180.418120076561
1,14.424757137815455,131631.0371500175,3,3,2,4123.025602701202
3,5.844415943279449,159903.2840590772,1,2,1,2841.829256262171
4,5.996677166144569,108028.22321485971,3,3,1,4098.768329978669
2,14.021044416445132,62052.8288982878,3,1,2,2758.248542578537
3,1.9527125077619252,30818.120786398056,3,2,2,1737.8119873036999
3,11.571128233034687,38119.4994939725,3,2,3,2427.79183462371
3,1.9337468478614137,143586.58951824083,3,1,3,3101.5259319229554
3,11.33369629247717,158601.94568341653,3,1,3,3646.767354619091
1,10.870993669156766,83973.05490257945,1,3,2,2797.349318776146
2,13.976458679796872,128983.17811552441,1,2,1,2865.463235276412
1,6.037942182169721,129389.97512747551,1,2,1,2719.1062321828663
1,19.144953770223644,195782.06943123706,1,3,1,4268.71129537565
3,1.421081499052786,165664.10402293288,2,3,1,2908.8914202971455
2,6.888399170623263,166555.8832705899,3,3,1,3716.470461561465
1,7.085123408415231,133606.2844753482,3,3,2,3470.3178471661386
1,4.877032318440049,194952.7195635765,2,1,2,3090.733566280144
1,7.623733749907989,58793.46799683446,2,1,3,2024.5834022598667
1,15.474361471529749,162951.4105873045,3,1,2,4080.2343390081646
1,2.5028665356977298,183104.491674199,3,3,2,3649.790379864808
1,1.8368909765004497,37882.58053364126,2,2,2,1806.391187682778
3,16.98569453969312,103780.26312907014,2,2,3,3328.1087627707134
2,5.195515212093078,37247.358078872836,2,2,1,1863.257345898839
4,10.760021905332483,196748.44980621737,1,3,2,5583.658630625089
2,16.711802639245956,18980.85440022736,3,1,2,2474.843648548428
4,9.56883902629406,128228.74521774989,3,3,1,4893.303762076807
2,10.547052178619051,127953.96827860625,3,1,1,3137.351800683321
4,5.392918299321209,35210.17562854311,2,3,2,2654.1352381765023
3,13.640476192445663,117211.57151151213,2,2,2,3181.928213867918
1,10.667940992287948,149785.13444105518,2,2,1,3047.407771337846
2,4.544917009325338,148223.69111839152,3,3,3,3843.4956558262093
1,15.179321411573175,121591.50403594288,3,3,1,3695.1212903828705
4,9.156440705938305,66500.06285461581,2,1,1,2736.866096819102
3,1.1236339918789837,138638.97477684345,1,3,3,3189.6550951491554
4,17.241860969287572,58299.83265405161,1,3,1,3641.058132154716
3,12.889400255670994,147414.47211332474,3,3,2,3933.2477993027337
2,5.214055519438749,20500.376522265655,3,3,1,2052.0246279862868
4,1.2824699828992068,75230.9274052435,1,3,1,2674.4940951805333
2,3.5537022282318196,20807.26848557497,1,2,2,1465.5507446239258
3,19.626650776008866,82665.7359367657,1,1,2,2706.7021471760504
3,18.516255299428206,26348.999843962785,1,3,3,2751.8084854801727
3,13.212928066034255,135529.02179635805,3,3,1,3935.3755725282213
2,13.083464281332194,107336.75765301666,2,3,1,2952.6851869571424
1,15.533633900438435,44536.59130114516,1,3,1,2572.913035778773
2,9.022645689009696,65539.62094211388,1,1,3,2318.9102662641703
1,2.65589974454843,168479.52506641034,3,3,2,3780.3296559490996
1,4.291810287403688,54274.64103253229,1,1,3,2088.243476970129
3,5.7878879981895,88086.9429313947,2,2,3,2553.234253924612
1,17.61430044601716,24524.35469110491,3,3,1,2550.4715970410057
3,4.024508777272898,45838.48586584926,1,2,1,1813.552978862679
2,19.76700633752772,181704.13999799246,3,2,2,4568.654497665731
3,17.771215486328526,184479.8144641081,3,2,2,4756.292946201519
1,9.850047002815852,39364.8982243725,3,3,2,2553.8049630327055
4,4.906505331238452,142458.8268983817,3,3,3,4824.373733472684
3,19.56019744251572,21773.554035308494,2,3,3,2581.0224475425266
4,3.8088161753999312,174589.55120566982,1,2,2,4447.639704414908
3,17.446828075232514,152412.7639587649,3,2,3,4350.802514163684
2,15.255795848347313,64992.924998769566,1,3,2,2881.6657929433695
1,11.304419670884222,75341.51332946465,3,3,1,2865.061899407329
1,9.615912617199385,67736.64312441085,1,1,2,2190.3537632779057
2,6.383521482122039,58839.939532028104,2,2,2,2133.294728055924
3,16.066096065531504,63742.29400937647,3,1,2,2915.3413628391395
2,14.432947846489633,137201.26485453505,1,3,1,3406.5034897475593
3,3.0775232828144574,155871.22711140357,2,3,1,3072.2016976001087
3,7.492487712166946,107703.59422217833,2,1,3,2475.268669920484
1,18.817358649027472,195069.46672120545,1,3,2,4138.483441160905
1,7.317303004254747,192068.15874048998,3,1,2,3897.2746240090655
2,17.89279000000118,106655.7926282283,3,3,2,3832.800006762145
2,1.527470734730972,102711.06772225408,2,1,1,1919.7626557173367
4,3.437676053343757,47175.229152125474,1,2,1,2355.706120378224
4,6.5788247855604896,10116.680352523663,1,1,3,1973.722033350617
2,16.27363741444016,175454.43892182954,3,1,1,4067.4842407947413
2,17.811465780092114,82714.70572599687,3,3,1,3226.577017590198
3,6.431978315600057,95735.7022114432,2,1,1,2054.0471040090024
1,5.315657138938267,40897.315534447596,3,2,1,2081.6265519311605
1,3.3285271010769217,111605.00827007378,3,1,3,2820.5085001963294
2,13.063857099274093,51999.277623875234,1,1,3,2276.27761359517
3,19.831453752799195,45285.25201447006,3,1,1,2575.742684296022
4,6.096101017714462,151093.76032229033,1,2,3,4511.948965946237
2,1.6261510998519453,198588.328726968,2,2,2,3345.3974134654904
2,5.455547708046228,34919.38445164499,2,2,2,1916.1171018462762
3,13.263074844235176,127903.17339728927,2,2,1,2913.58752726939
1,5.173958943160307,146586.87432145808,2,3,3,3293.209176470316
3,3.964504432916399,26582.37843368075,3,1,1,1409.8110928870158
1,4.5906706101169155,70975.86024025692,3,2,3,2666.464072411882
3,15.049437160034262,171437.95548619734,2,2,3,3715.2364383376057
4,15.012667913650839,42456.73620335476,3,1,2,3451.4619957713553
3,17.327322158601817,142963.04489930972,2,3,1,3612.361958883421
1,10.85219774943762,157928.91056852188,3,1,3,3804.217010974532
4,14.84905748352326,100685.01521968395,1,1,3,4004.8179709602136
3,11.689262608254882,172022.18095623437,2,1,3,3544.829947802994
1,10.53047430344421,66327.06758940173,3,3,3,3144.9097914868794
2,12.961888503653382,86896.78322782896,1,2,2,2638.602702465763
4,18.734274490886555,110128.1636166886,1,3,3,4667.59094763587
4,15.931839312985387,177965.55701915702,1,1,3,5209.212636416092
3,14.651299573431151,40886.36189462885,1,2,2,2537.721863541323
4,2.6896243248440226,55618.187089085644,3,1,2,2607.2771038010974
3,4.027420703190238,38709.22161715521,1,3,3,2075.389320373837
3,13.834268502443177,106248.79524581565,3,2,2,3439.0996031924496
2,12.452825110682562,126604.23732260113,3,1,2,3229.367221702494
1,17.925074033373104,93269.04131299099,3,3,3,3851.5212236810507
2,5.9684892656319,143330.08849275656,2,1,1,2511.8992486698244
4,4.178802454130164,192556.71856978803,1,2,2,4735.685970735548
4,17.78934427867617,159368.79741869733,3,2,3,6096.987330909037
2,16.32179673654518,107901.60058796243,1,1,3,2879.179824550942
4,11.33299238535711,199438.3509098067,1,3,3,5528.185427175256
3,6.287924402649894,95202.32158136595,2,1,3,2593.2157095236103
4,5.77630903991996,199242.35594630172,2,1,1,4463.064507084107
4,3.8707221175325084,39104.70153424775,1,2,3,2499.247139915263
3,16.898357992373725,34968.538541441994,2,3,3,2635.695892902874
1,2.290851667810757,150279.6800248849,3,3,3,3691.4841112383333
4,18.03856324005131,32704.453357751703,3,3,3,3987.3176146915257
1,11.969749461719388,193151.4932504363,3,2,2,4250.20165315237
3,10.541403258990735,66345.48096039877,2,2,2,2267.53417537921
2,11.076483495679277,55592.93089377529,1,1,2,1993.1237384048761
2,14.334643836664211,132631.5214907696,2,2,2,3200.0097102660848
1,5.893980941070342,165558.41863685357,3,3,2,3900.118562405637
3,17.237947197613373,120660.88583879395,3,2,2,3798.011859253003
3,17.828339104278,123844.08740798867,3,2,2,3661.3001798975215
2,19.31460961644738,184589.1060678141,2,1,2,3830.152083440156
1,13.684588569352245,68185.94065280138,3,2,1,2737.9961899572263
4,11.210265253343506,194255.9645637664,1,1,1,4772.440558828043
1,7.754164685398138,191046.3882352009,2,3,1,3465.843568618852
1,16.67951861213096,119154.04151328647,2,3,2,3510.028969406498
2,12.98463299837579,166713.66439401303,3,2,2,4082.9293117667967
3,15.958115190823785,185623.1364563323,3,3,1,4462.69865661569
2,4.561338866267276,142486.36401183077,2,3,3,3275.357798424713
4,11.39298334299868,79846.57262003,3,1,3,3837.226579034803
3,9.214888826391777,118462.46038406549,3,1,2,3027.133526955977
4,3.809881432752115,193545.3150781188,3,3,3,5974.938571245937
1,11.626733086256579,61993.424355375595,3,2,2,2896.506850100023
4,6.514049175223692,41354.02681593168,1,2,3,2700.774811219561
1,13.797569578319184,156582.9316900727,2,3,2,3456.018444561694
1,19.543639269320824,116142.40708533899,2,3,2,3378.0251596483927
4,4.840892070051457,124247.9593697747,3,1,1,3915.3102833078924
1,9.369300615062462,186657.0378801753,1,3,2,3734.4742457785037
3,15.62518857991572,76022.30504102909,3,1,2,2964.2813661104738
4,2.302894714880616,181681.89942079526,2,3,3,4873.375127433019
3,14.042781733838966,129068.82966865615,1,3,3,3569.3889595624273
2,18.860583103316046,179493.27358537843,2,3,3,4197.763369966013
2,9.317604176231454,137155.3483609865,1,2,1,2929.983308029176
3,10.947172728640428,77587.7051235676,1,3,3,2760.1787585312145
3,14.577301280717947,14047.303537295757,3,3,1,2433.3296508898943
4,5.2900564088545,121410.85560596024,3,3,2,4458.489678937489
3,2.993423111870043,169128.62961990695,1,2,2,2969.125861923468
1,16.26348533640902,34591.9815954371,1,2,1,2248.1390481668295
2,14.746185703547955,142154.56990754913,1,2,2,3245.0607274033937
1,14.937055195041847,145865.30529223068,3,2,2,3958.729533971325
3,12.196495358363313,78091.58327726836,3,2,1,2670.2624608128185
4,16.788169291404557,105663.56722513566,2,1,2,4083.4008983179797
3,13.622434364790294,27887.88608097924,1,3,1,2254.9433652550724
3,7.965960421102543,95934.13681364815,2,3,2,2885.7681903859066
3,12.52606175541881,68088.39920249203,2,3,3,2853.006779723578
4,10.187036515841726,74876.7489510329,3,1,2,3782.7200899627146
1,3.420963407932821,138871.21320320008,3,2,1,2846.483411320707
4,1.973018082359054,51951.529829478095,1,2,1,2404.3255114749772
4,13.27418990124469,18749.06357712695,3,3,3,3576.7996698404213
4,6.5678906227972496,187748.97267725316,3,3,3,5772.0065510841805
4,17.012832881708757,171265.49469177643,1,3,2,5665.3473933912455
4,1.2071522641626302,130758.74209819379,3,2,3,4066.501411708834
2,15.326959190877842,168517.16914716162,2,1,1,3326.6977170645173
2,8.483477350150116,96467.79065045819,2,3,3,3116.52404480761
2,18.910973349227977,194986.32556426057,1,3,2,4135.531300755278
2,14.483668171008715,131298.93742262118,3,2,1,3581.6709944750332
4,8.635826473906107,94780.09807326921,3,1,3,3840.5691339507525
4,15.540671518202318,172109.22076276582,1,3,3,5487.146355645615
2,19.62353343728188,193740.10357846104,2,2,2,4311.992578327974
2,17.21816315852646,68958.09158452801,1,1,2,2615.9851767436808
1,3.6638079286463023,13384.531883457881,3,2,3,1806.6368303749896
4,2.0599145221232567,82219.8710313351,1,2,2,2683.448377729373
1,19.850540403868358,79021.15949576047,1,3,1,2893.8147070644804
2,12.969099372248742,140362.43184095534,1,3,2,3563.048530312184
3,9.407683114948405,124671.88364292732,1,2,2,3062.2897955182634
3,18.116543348715723,172580.57459940758,1,3,3,4255.836213589898
1,13.719262486652687,193626.816996739,3,3,2,4803.526552166045
1,11.765697923990812,40628.18702396548,1,1,2,1830.488851918743
4,19.47093966480961,183375.56607042684,3,1,2,6517.300567397466
3,8.257392867216332,15825.440738621695,3,2,3,2140.4923244077536
3,1.7252362760419913,70511.33638600554,2,1,2,1968.2720097476333
4,7.826881459288693,162311.9222210907,2,2,3,4576.775451941408
1,5.76885768030856,44586.49409889077,1,2,3,1899.198374536778
4,8.305075114250297,180505.9508453134,3,1,2,5203.896219974244
1,9.981991143348866,115266.13305077594,2,3,2,3248.211104635823
2,8.477538066165742,93709.88317766575,2,3,2,2855.6306894572303
1,4.006373275384829,36114.59084455487,1,1,1,1399.3827274774287
4,2.168959902831588,179940.4823751686,3,1,2,4952.187364885454
2,9.055312962258519,130198.74299803509,3,2,2,3393.836534655515
2,3.0799756807273373,55864.82995960072,3,2,3,2411.618741548029
4,6.073452665256585,110069.14198361032,2,1,2,3470.853127306938
1,8.856600571487315,177704.13526220634,3,1,1,3803.219734353226
4,8.255108861266503,198686.47455792388,2,3,3,5282.543217870028
1,6.809195605942948,183181.500166697,2,1,1,3144.044482208143
3,19.57320648019969,92824.77722064778,2,2,3,3077.0621948572452
2,15.684815879861471,176939.6601779273,3,1,1,3918.1457550885398
1,3.438010055559772,123710.06170037788,2,1,2,2441.963688168548
4,16.672774334405965,55844.124462918575,2,3,2,3684.6071682996812
3,17.311716386196704,85644.63602106358,1,3,1,2794.2636054992386
3,18.752246083845264,20089.73058349119,2,3,1,2352.8978296173236
1,16.03315919581351,172737.46549457166,2,2,2,3534.130065553847
4,19.04321719532462,98771.00448172697,3,1,3,5059.425193316083
2,14.663640744892987,21899.651065248636,1,1,3,2073.319600162455
1,19.687342901134386,59016.56797848999,1,2,2,2934.590385651093
2,18.55960600633836,132379.09565734083,1,3,2,3566.269673343341
1,2.978734523292274,87443.17914877283,1,2,2,2116.126030383427
2,16.29378827268495,120923.07728660568,3,3,2,4048.0135418530162
3,4.723959056578462,85545.74247477476,3,1,2,2414.938882661347
1,12.01430071028211,74019.33403206912,2,2,1,2446.5437701994665
1,18.88189629219139,63990.114844392614,2,3,1,2936.2829081377213
2,10.461163935143112,51179.27231394859,1,2,2,2096.055303942886
2,8.528392633442436,177741.96361851666,2,3,3,3591.267274121071
2,10.757158388572387,41403.85987468172,1,1,3,2139.292602145879
1,2.58737474529226,97641.68581752156,3,3,2,2701.23849130598
1,14.759665306519777,185544.2944162533,2,3,3,4027.1145374278644
1,14.072562556125431,106049.57374829886,3,1,1,2891.2113952389805
3,3.984242644736999,127215.29334587354,3,2,2,3136.316603184718
3,12.056417641401605,151298.04382150073,2,2,1,3184.5900398267695
1,16.03701993571199,171067.73597677393,1,3,2,3782.951699609954
4,11.478997832008794,121619.39553440239,3,2,2,4668.962676346955
4,19.528710884275863,16314.644762389118,1,2,1,3002.9485163303784
4,14.939807479269236,85753.39951193344,2,3,2,4037.8323119668116
1,8.62830805335666,154451.678365324,3,1,1,3362.16679485067
2,17.599534383899982,38976.673648070966,3,2,1,2477.705856912722
1,2.6385676889871394,128430.57883091691,3,3,2,3032.6538758783927
4,9.280555472067855,102764.30441751536,3,2,2,4087.345170053829
4,5.763383728304285,101002.94477952085,2,2,1,3322.1133532031886
3,3.446568943490644,29006.11826605409,2,3,3,1856.7945650980394
1,7.856905330499979,80458.75023821607,2,2,2,2569.4722204945115
4,3.6479637174899913,174404.34803199512,2,1,1,3859.4983775166684
4,6.430938037843563,150396.085300634,3,3,2,4931.882485009914
4,8.897377618863862,58970.897144937015,2,1,3,3139.476485243018
2,19.661600257005887,169652.71448511665,3,1,1,4172.0409290890375
1,2.109622839994949,118331.03545392408,3,2,2,3014.5405691659803
4,9.167572400146824,125366.80194735012,3,2,1,4725.89314731777
3,19.158724249089747,75630.8240320013,1,1,3,2712.530200797764
4,1.408459545684705,115503.06418443001,1,3,1,3488.662831614138
4,2.955663763664046,174914.2605804101,1,2,3,4591.25294127832
1,10.636394002179697,187944.34379218062,2,1,3,3734.0237761564754
1,14.1452621042607,14155.047493464645,2,2,3,2283.9426263770015
2,11.571659600650504,156434.83169692534,1,1,2,3306.7507592743204
2,13.268984758916435,94322.71643352974,2,2,2,2642.201013319935
2,15.370281302877359,157215.9864676909,3,1,3,4094.6647560184474
4,14.820729243972558,164035.35366984527,1,2,1,4862.509831422468
4,19.25843938918704,114775.9487176174,1,3,1,4691.27093395152
3,2.8710310391307066,80139.50200350264,3,1,3,2404.7157937631932
1,8.333816953111551,98838.43804819482,1,2,3,2617.8739139877816
2,19.961160342036955,14626.641402682151,2,3,3,2520.2159863133948
3,2.884580847653712,43768.50303795755,2,1,1,1515.1783342273106
1,3.6185827422969523,162197.05124541608,1,3,2,3290.3719932134463
1,10.455576226571994,125986.56271219272,1,1,2,2960.9047072770595
3,6.85551676654244,163049.5748439437,2,1,1,2808.529164349857
2,18.3961284130563,181952.72194294306,3,3,3,5116.648528194369
4,11.908741866855692,84691.42283860057,3,2,2,4187.982343436101
2,7.82896361972207,114118.77441542286,1,2,3,2826.85192451928
2,9.026250962255963,50546.43079876377,1,3,1,2357.617667168034
2,5.783377937161453,68302.5412835315,2,3,1,2033.2235252190221
2,7.747939763016326,194656.37398712034,2,1,1,3318.5378404604257
3,12.740188307812872,152661.1528828782,2,3,1,3582.36630497075
3,14.457721224683436,145530.5739358958,1,3,3,3563.0418857452046
3,18.154108138535875,55369.889582843454,2,3,2,3013.0823059297
1,15.454134929490758,145947.77989550977,1,1,3,3410.306654279543
1,1.818147601333953,194277.35950694288,1,3,3,3695.3775486992126
1,12.104043115120268,27313.90726049525,2,2,2,2068.044217772861
3,16.22566498547296,188977.99108211455,1,1,1,3536.386790727042
1,16.184706668929156,61237.34096937965,1,2,2,2421.83964695837
2,2.9273971353139494,161040.50771165217,2,2,1,2913.608967704768
1,8.141464153101822,162469.02111593628,3,3,3,4189.6741989226675
4,9.272659650979175,189364.03068180504,2,3,1,4932.43606890011
3,1.8082768707342805,144127.62935381228,3,3,1,3100.937654995394
3,13.36852582935404,178792.88302754695,2,1,2,3562.8216535779006
1,11.825362379283819,48212.810193090045,2,1,2,2114.4278360233325
3,17.313841270674185,48982.214546675226,1,1,3,2569.1096812670226
1,2.2192676615247366,173180.77625933138,1,3,2,3159.7040652098667
4,17.884209361102435,174194.73115783313,1,3,1,5568.209954561016
2,4.56918420124169,95640.29430709938,2,3,1,2267.480828076019
4,19.53241378106202,46775.17722146587,1,3,1,3660.60056989194
3,12.02679758074673,89886.70574997655,1,2,2,2658.2919096606774
1,14.954368275258544,19174.229040873033,3,3,2,2662.737603516282
2,4.303455551337979,117879.80401764948,3,2,2,2965.3272130809064
4,6.668433290307689,66620.37073710597,3,2,2,3355.526133550019
1,13.333125708523696,97994.05688770198,3,1,3,3164.662605813662
2,9.983846060324813,172038.74670908923,3,3,2,4291.341168476622
2,19.831631307859872,52458.67300336979,1,1,1,2422.9371170164354
2,17.62427928985092,71304.75977602239,1,1,1,2294.4582466404704
2,17.041817683846983,156766.79673221422,2,2,3,3571.280681810897
4,3.774922320725895,94413.98183807493,2,1,3,3143.9825019053005
1,15.441588722713615,187317.25077052088,1,1,1,3572.064441286691
4,3.4025046817127524,82987.28082800492,2,3,1,2978.6887163647343
1,4.89740446870383,38113.35919417624,3,2,2,2088.755061719246
3,19.198174130448265,144057.16491982498,1,1,1,3134.3175711346275
1,17.294466166499873,20023.1713658948,2,1,2,2211.239894466805
1,6.585154118772278,56126.792170612316,2,2,1,2027.195173701775
2,10.65641670733799,14688.598003309988,3,2,1,1814.5057028706628
4,11.193749788558383,35654.74384367131,3,3,3,3405.4160303220488
1,11.9964480386246,193870.2839901985,2,3,3,4208.370157657078
3,13.373514515781158,158875.70700623278,2,2,1,3267.2908310769817
2,17.204655870298314,189349.71896108123,2,2,1,3641.884242921083
4,16.384553962907347,60144.76526711911,1,1,3,3471.5228821000587
3,12.911070757070286,186105.32760863492,1,1,1,3441.7000925710813
3,15.269430750036207,97245.77517024205,2,3,3,3373.759586377433
4,13.144319324165807,79054.21097723607,3,3,2,4292.275789961079
2,9.955372911270064,24448.89709791136,2,3,2,2189.6214036510337
2,4.070916438383716,93135.69815119552,2,2,2,2170.685356639772
2,15.08018448123654,25659.92445526667,3,3,2,2563.437292809043
1,18.343407881201674,139786.18719338626,3,1,1,3556.945167563224
2,9.446195261753612,164573.42740415182,2,1,2,3100.3956352318655
3,14.801377876926267,74168.98023237368,2,2,2,2827.4595685894387
3,5.8597549060502185,138965.3937504851,2,1,2,2830.683792522262
4,7.613765463335682,39969.09082828484,2,3,1,2856.5325100955574
2,17.80746354645185,180109.8853091012,3,2,2,4717.587987988689
4,1.5983285981609154,165791.73544941307,2,3,2,4121.804403906534
2,4.704958365658993,52213.17449662014,1,1,1,1483.6872884477432
1,18.993708619100037,169087.58783678108,1,1,3,3757.636823693223
4,16.697245072542557,156154.19312112415,2,2,2,4998.909280555391
4,2.309504234693089,142007.97553580685,1,2,3,3703.954481938501
2,9.022197934368675,77841.32886913407,3,1,2,2716.2618124134547
4,15.434185121736702,166742.2233325848,3,3,3,6538.119724121975
4,2.4285668217571206,179974.74043972406,2,3,2,4486.852738550752
3,3.850291297792297,181336.02497928232,2,3,2,3424.186516420968
4,18.53829019325829,154581.84671045258,1,3,3,5691.795509667679
1,9.655192567551937,94387.35567651803,2,3,1,2518.799041817112
3,17.135111466354992,45992.58345108918,3,1,1,2568.599626555615
3,7.614086205389211,108275.87088608011,2,3,3,3187.256864287233
1,1.6497109107045358,96554.77249405433,1,1,3,2109.52880536137
1,4.489558858499667,165749.5198605044,1,1,2,2899.420317916985
2,3.599559660464654,28461.850172524453,1,2,3,1825.7155401005296
1,13.949076498343905,140759.8814653751,1,2,3,3570.301765087677
2,11.5154555464583,193773.57532909253,3,2,2,4412.162761868097
2,18.961497557785094,22518.64556618951,2,1,1,2185.4979834271753
4,10.011127629662033,33941.35446026569,1,2,3,2957.553634577367
1,16.234751046892853,151554.89353327005,3,3,2,4393.299691407044
2,15.432992099327814,149765.99196315955,3,2,3,4123.184920802733
4,2.8447886388415844,173488.0239243364,3,3,2,5052.037900361213
1,5.818521357054429,80063.79345683925,2,2,3,2586.529960660312
4,12.921954020618287,138714.03219287237,1,2,1,4251.944551582589
3,16.603932755427415,15430.613561108095,3,1,2,2084.2624349068547
1,13.720818318201452,120562.35407445685,1,3,1,3109.3788262777957
4,6.411158341544698,13887.125606401292,2,1,3,2109.4940261244637
4,9.632660268410204,90674.87995144563,2,3,1,3393.1135284591614
4,2.9388782250315195,172924.871709231,3,1,2,4799.812769254805
4,18.546861905086875,185861.94892806443,1,3,1,5713.073840092384
1,12.302293873603311,28027.13420594475,1,2,1,1992.431748568625
4,18.181625757015034,80678.59140554373,2,2,3,4222.870705243723
1,2.405597472237314,156183.77817794163,2,2,1,2639.5123329010157
1,18.595435050958805,153403.6892325254,1,2,1,3501.5103407106835
2,11.88789109096189,43278.73098558818,2,1,1,2075.837094484601
3,18.453100054043897,37286.33127978392,2,3,2,2876.989253801919
3,8.27783284008859,175759.46583779083,2,2,3,3646.3775659176213
1,19.26967140872091,139358.94205811282,3,1,1,3915.035289461262
4,16.445353386519653,165409.24660009527,1,3,3,5709.821420063147
3,5.005202486743698,148378.91032726906,1,2,1,2919.603357883729
4,8.069015117275283,190251.44867263688,2,1,2,4831.871213454541
2,2.0884672918201077,19616.431220243227,3,1,3,1675.7086621339126
4,1.381096349288455,109379.73544132263,1,3,1,3103.8455438183787
3,8.562444946316813,111632.93482530589,2,1,3,2563.2967293822717
4,13.37798893464586,137474.11299017532,2,2,2,4503.270990187289
1,12.055404210580493,46079.00123388822,2,2,2,2304.5184300602486
2,15.739153169811384,96869.0177917561,2,1,3,3090.34169944173
4,11.632572707327938,115906.68801869085,3,2,3,4826.664135822605
3,14.556965785785879,146625.93843607558,3,2,2,3917.3802065905534
3,10.830695603726195,74031.84305409278,3,1,1,2454.2900110945025
3,4.575123607036262,20834.97949179545,3,3,3,2089.005136110715
4,18.416814362015675,12694.776270163504,3,2,2,3609.0528029451693
4,15.354927814395493,140067.26685656473,1,3,3,5081.823960213763
4,8.940436767019321,92703.85184188439,3,3,2,4148.6447532882
3,10.735668304988417,126620.02275680777,3,2,1,3465.913091815682
1,7.985184474071424,37170.40330404426,2,2,2,2006.724569295372
3,2.499628528086571,156619.55973244167,2,3,1,2787.8596584942957
4,4.349129536135907,129887.10633779515,2,3,3,4025.512650527056
1,13.8093905257042,147248.5359850581,1,3,2,3651.974127524466
2,18.65098123232098,27440.127717081283,3,1,2,2722.5625802996838
4,8.150642910959832,138396.7263026687,2,1,2,3936.7852711916694
3,13.127156422876915,84637.36165967844,1,3,2,3087.4346970014667
3,1.5966380635693986,67596.08428581893,2,2,2,2114.281145373604
1,16.790517676438135,154996.25788051685,2,1,2,3553.9520330687346
4,12.748733632722736,39182.83919166077,2,3,3,3336.138994857089
4,5.739223419492413,180379.7587726281,2,3,3,4764.959058478182
4,16.80805293996101,36286.67775310521,2,1,1,2861.876179111535
2,9.459832156689695,144028.83520025312,2,2,2,3257.4135357346563
2,13.12645478522781,71626.36854669686,2,1,2,2545.994484266224
1,5.600405399582264,106031.96919556957,1,1,1,2377.614667272708
3,3.4769824515938126,20809.129920170715,1,1,1,1305.6232284204827
3,15.29884359606772,135338.56815518928,3,2,3,3963.897560391477
3,3.6629135322610487,171938.09267220655,3,2,3,3602.672194255972
3,4.971679658280566,55064.809382259846,1,3,2,2089.783468273463
3,14.842520913724018,111887.34838501565,1,2,3,3131.3817298086446
4,11.286806299229605,116767.91105552208,1,1,2,3861.2245439477556
4,13.370048850849635,61357.215365706,3,2,3,4089.484132970315
3,10.266552269365317,115127.28869450185,1,3,1,2755.6493685512714
3,13.743097373355923,63945.343868429205,3,2,2,2847.063723985536
2,2.1758810330920713,44093.99640926966,3,3,1,2151.513422140098
4,6.802312956044746,122225.47447132734,2,1,2,3452.9703224223176
1,12.134964851921376,66431.44245535905,2,1,3,2329.593919371104
4,12.666342612479271,167816.63018635553,1,2,1,4631.601717184507
1,17.14752450764889,157588.34481116527,2,1,3,3772.553395730661
3,10.477836160240516,106661.90972459002,3,3,1,3397.300761518559
1,6.471204327305764,178099.83454004436,3,1,1,3278.3244694584305
1,5.547815472849906,123359.25661018613,1,2,2,2727.246001315204
4,13.438142584116752,31332.559328777657,2,1,3,2852.624251769199
3,12.304120650373925,155378.19131302368,2,1,2,3002.1623567962133
4,9.285629197210271,187636.80795872048,3,2,3,6097.281462878739
3,15.708588691628526,51786.58335542018,2,2,2,2395.774467882373
1,11.69000904562739,189152.25020206903,3,2,3,4520.61511217333
2,3.142081368382419,160070.75065473284,2,2,1,2821.230692539812
2,14.646386773740517,83052.44958522795,1,2,2,2672.0008688556627
2,12.205731291612047,93311.93532000421,2,3,3,3283.3395456243734
4,14.504127450344981,32396.853102178793,3,2,3,3691.5496139839656
4,6.899494857315182,180149.97554473754,2,2,3,4861.447935507557
2,11.046326872799328,147380.42726846487,3,3,1,3920.3383930601285
3,19.338709033527593,40296.08062486776,2,1,1,2321.6802639939547
3,2.805039874649582,153216.96878919657,3,3,2,3559.728101398332
1,11.281359739717292,151869.6835314225,2,3,1,3487.1621719875125
3,16.72450207846728,161533.3135083362,3,2,3,4214.929953985707
2,8.403066287210091,165059.9799943152,3,2,3,4021.8185113284467
4,11.407409499349368,19375.887901955582,2,1,3,2427.2067285126595
1,1.5300009486766228,30073.592775621073,1,3,3,1894.4384127237809
1,1.569425217241603,198850.28934263685,2,1,2,2899.7682939167194
1,13.233215692116255,146412.8667511855,2,1,2,3125.8120240651124
4,7.21264517591317,69358.98403330764,1,3,1,2925.6867683970036
2,9.299492100441947,190701.13476768683,2,1,1,3382.3147285454634
4,14.160303818702669,87517.0254209393,1,1,3,3969.2160156565697
2,13.205962082141339,195164.62973565355,2,3,3,3974.8287232583325
3,7.3037611630253005,143872.97828565788,1,1,2,2968.7490446643487
3,16.53815790739808,101487.50142930163,1,1,3,3140.9646579122173
4,4.3310690130235585,19067.548777688495,1,3,1,2272.827510580864
1,18.691201254406927,91192.25604997032,3,1,2,3343.919196927247
4,19.027221932540925,24824.68359103493,1,3,2,3304.0547646709424
3,11.027368054092127,71456.37352996808,3,2,2,2916.4280411466057
1,12.989809206036034,183586.33030896896,3,3,2,4480.654659703575
2,17.335269060518257,85023.69751222336,3,3,3,3674.328994088563
4,10.067719092730554,22748.187993652733,2,1,3,2418.908192196348
1,14.385770071551505,87813.02291511757,3,3,2,3571.6632777289606
3,16.813962302333678,130351.1836580869,2,2,2,3484.1971859056903
3,11.733402963772715,142763.97658620906,1,3,2,3513.5273825225686
4,2.6128951522941004,151752.31923509983,2,2,2,3757.450522437225
1,14.17953891836084,191320.60697056892,2,1,1,3420.6063985627798
3,9.133235139059087,108388.10145492342,3,2,1,2958.918502644176
3,19.530364621277396,68510.26652489704,1,1,3,2768.8618038128066
3,7.235524136159777,67526.808527505,2,2,3,2472.7291734445116
4,9.331491420352954,148690.4769164776,3,1,3,5080.65801286478
4,17.177245930298977,35165.54573652721,3,3,1,3796.869644986929
3,16.40268966109914,68593.32624171473,2,2,2,2794.6157890596683
3,1.6118779922486604,177684.32821727858,2,2,1,2879.991300092872
3,19.52844320039348,186854.6560895087,2,3,2,4242.002091711035
4,10.589752175661305,27591.694761861894,2,1,2,2481.2519204870214
2,13.6162071187552,156641.12353377015,1,3,2,3722.91551517119
1,1.4195546455254187,153838.05438053457,2,1,3,2645.5739173386623
2,19.5919122371037,34507.22705875387,3,1,1,2580.086423018975
2,6.94469645154175,191155.14286520844,2,1,3,3507.5539842808125
1,8.89435938565249,162122.6732093781,2,1,1,3012.4425127555514
4,9.748524333033608,152595.03879572358,2,1,2,4380.826058692786
4,1.8951261674667816,43269.293530487215,1,3,3,2692.450476658795
1,14.639587117666341,84994.16118854246,2,3,3,3164.0012949422116
1,10.046369063806607,27391.45297366524,2,3,2,2328.7163894747737
2,18.87367356153294,82841.18600563912,3,1,2,3329.8906544671013
3,18.93708312849265,160714.1754440338,2,1,3,3772.80333082236
4,18.471916948520985,69870.24475340697,3,2,1,4406.711870388812
3,11.826041435768294,127590.77181672315,3,2,3,3591.5425364129455
3,2.2952666305063287,176527.10879556465,1,3,3,3438.024523449119
2,3.2125299496602304,61318.47378235529,2,3,2,2212.428282814604
4,1.023692179812477,133511.8136619554,1,1,3,3445.9501083666673
3,11.150822601100085,107732.64263267259,2,3,3,3179.394209537894
2,7.609028185962768,62840.788889687516,2,1,2,2144.65279852441
1,17.86185767119014,185822.0135703056,2,3,3,4458.432159908482
2,3.2573679743310247,94711.28005988877,3,1,3,2562.1146828344517
3,1.0180733703074163,190079.21073633633,2,1,3,3026.7849787891623
2,7.622463432140243,174146.66010417024,1,3,2,3412.6647625790274
4,17.63621864872083,37791.15795282899,3,2,3,3994.64833837108
2,18.2313171761625,117168.86811131654,1,1,2,3058.084519916521
3,18.49821999838269,104570.53010233973,2,2,1,3066.182515319439
4,5.281086351597604,56984.135494295486,2,1,3,2799.893194365773
1,3.8542295940696043,161327.46949964296,3,1,3,3455.2584110526027
3,11.11218504316082,82489.08630228082,1,3,3,2812.015997796223
1,6.817008852072982,111592.46394092224,3,1,1,2790.1949793090453
4,18.728734736783448,142103.83474462933,2,1,3,5114.848444549752
2,11.08016676934793,185927.65074071006,3,1,3,4008.245200634769
4,12.133566401107188,112172.97080522892,3,2,2,4591.29316784983
1,9.362959358328498,195824.19492698228,2,1,1,3202.240323521537
2,18.558369564115385,167537.88928652718,3,2,3,4525.681078056878
1,16.854881406126328,161546.04229156105,1,1,3,3750.851893578256
1,17.01832905506902,144825.1285195508,1,2,3,3818.6513330216385
3,4.904151147225855,109778.95241218698,2,2,2,2578.94981130373
3,7.187278132854077,196774.2613228095,2,3,2,3711.153878267004
3,10.219640478228138,109462.17481545628,1,2,3,3127.084214481092
1,7.5284247432504054,158409.13299489068,2,2,1,3162.113242934734
1,16.8394232978387,70741.17614754247,2,3,1,2738.510737934166
3,14.831174929244007,35515.521419757126,1,3,1,2342.9334945841906
3,19.361611237214856,41148.078297294516,3,1,2,2880.7942426416967
1,14.273597623812892,22535.269961052374,2,1,1,1849.2404990282207
3,1.1266189632721735,117210.44638809247,3,2,3,3045.285701965046
3,18.147724533115994,107040.7534419227,2,1,1,2667.7711303176116
3,1.4692911115177547,19893.21139254365,2,1,3,1343.7632123260976
4,16.446259854183392,24921.71587435939,3,3,1,3743.0727283657675
4,12.352808146205081,184245.87572095508,3,3,1,6159.824632482392
3,19.25225039095399,23958.498362236525,2,2,2,2390.1834574767067
4,1.4939449092728876,121638.56336434472,1,1,2,3168.4173074121495
4,10.744899305666767,25531.496170475133,2,2,1,2516.6946547367297
3,18.715521263538356,29537.94806720208,1,1,2,2230.6801726237018
3,12.145319604332917,70657.43343117065,3,2,2,3076.5041922121327
2,17.856133615926684,56747.1673677347,3,2,2,2916.8403109551255
1,7.825162954736201,117423.25560676481,3,3,2,3290.727460110399
4,9.968820303580792,96319.75822951533,3,3,2,4549.647477149578
1,7.924862749637553,44395.36279164187,1,1,1,1663.965871909231
3,15.928378402537957,118457.49761217942,3,3,2,3807.9076085353904
2,10.617496018735345,93226.06350774244,3,3,1,3220.629497318168
3,4.943318706506471,184788.82522879206,1,3,2,3647.527392633442
1,5.406241616463275,181313.74102699288,3,3,1,3685.908486518986
1,4.730252832759976,183200.15351507778,2,2,3,3601.148347830271
2,14.511150594260506,112133.76083710032,2,3,2,3191.8796961931257
4,1.9926972098649354,108120.49855993973,1,2,3,3345.049666308632
3,6.465718625697723,24127.68869121984,3,1,1,1821.7377388849577
2,4.137268694387191,104491.30060205501,3,2,1,2671.9204995704604
4,6.933194649268628,194204.38462059866,2,2,1,4771.258709146023
3,6.7837094727003455,147177.85867987105,3,2,1,3417.051662399053
4,4.512750980447903,160096.38364443518,1,1,3,4081.175009207653
2,9.303574157735461,35145.727567999114,1,3,3,2387.6874155707824
4,14.538357661749892,137258.52092027492,2,1,2,4353.431232068368
4,4.1127334513972755,111702.43556173657,3,1,1,3441.782167272149
1,19.8663877592985,119427.9306139759,1,1,1,3116.0387928911623
3,13.866348040228914,123028.65108267839,2,3,3,3348.9175973796914
3,7.240444860314777,113570.57099379931,3,2,1,2891.875975962949
1,6.0685625962276735,97915.55044560811,1,3,1,2359.519792035905
4,3.7419871048125692,101972.02131001308,1,3,3,3566.96507787693
3,8.243309446021552,147760.46153877093,1,2,2,3250.720035797033
2,16.329915436718952,198930.4115981143,2,2,2,3971.17154712955
1,18.276524363959272,187608.65709620184,3,1,3,4756.528834472804
2,13.35346392031138,162172.27036800506,2,2,2,3304.3532262056087
2,15.293574585246912,163359.30159036873,2,3,2,3636.5344774435007
2,16.581888635148392,39646.478707299175,2,3,3,2814.3915035378536
4,9.735192308358059,101246.07132326908,2,1,3,3737.4162885861297
1,2.165585957465569,155623.67021150966,3,2,3,3523.190228618507
1,10.886539416000772,138992.25566530298,3,1,1,3208.696823536805
1,16.462709973576864,144715.60226143064,2,2,2,3401.7728478108347
2,11.270547586652201,113662.79317424873,2,1,2,2787.0916483663127
4,10.814342239045814,68665.42973545394,2,2,1,3226.9650900176002
1,12.223308078467136,84358.85080382951,2,1,3,2678.536212107106
3,5.32638052942825,141582.464987105,3,1,1,2811.596384283148
3,7.107498152815121,156176.78366525905,3,1,1,3127.0075008878844
2,10.685690240678472,92506.9865053436,2,3,1,2768.731684005284
3,19.71178113845711,144545.1284407418,3,3,1,4347.072863547396
2,10.871702583167751,198792.45112237608,3,2,3,4539.633512923224
3,6.673913464307766,141774.04447114345,1,1,1,2545.0575346988308
3,2.1343598713835057,150652.49026886054,2,2,1,2473.49659494797
1,18.460447427482883,50412.217216972036,3,2,2,2884.5032879016426
1,8.270501186513172,71522.96395659413,3,2,3,2790.61251463559
1,16.568046328742987,84025.08617720449,2,3,3,3285.7009921056615
2,5.643788108779008,144715.12181789178,3,2,2,3275.3375774254478
2,12.210331536162306,99947.00571367526,1,1,1,2428.528477357217
4,1.4621763306328366,84089.60012674514,2,3,3,3068.9966666308796
4,3.082502509411187,31777.409363736595,3,3,2,2530.488613343521
1,5.288343509216823,103054.25070173742,1,2,1,2308.70971085723
4,19.55618114117548,196824.46599191622,1,3,1,5845.419139183864
4,13.761810921289001,34256.04128594353,2,2,1,2704.6330825521195
2,13.828335498533606,72934.98859152276,2,2,1,2323.890711779684
4,1.4857964924023668,42996.34636977295,3,3,3,2882.630469683973
1,2.025409385351194,24330.405888181827,1,2,1,1436.594435226402
4,18.24071016136507,143520.62556751072,1,3,3,5467.294740645565
1,18.694218575769284,61785.256499945834,2,1,1,2313.9184868839693
3,4.535013039361002,149948.6905522182,2,1,2,2547.4203703195262
3,15.664403680558738,135730.87006800168,1,1,3,3190.9670533557423
1,8.322140142346424,144278.50235093277,1,3,3,3212.7982517621735
3,7.69625497072493,189866.32754574242,2,3,1,3636.096076648955
4,5.3057470286697255,184144.3306893671,3,3,2,5651.328393474351
4,11.073186451099685,110721.2809197365,3,3,2,4637.834835281355
1,17.365784389709976,50021.87413846677,1,3,2,2887.106052765793
2,10.634459919087034,62452.259084314064,2,1,1,1872.0920983479587
4,3.6008486190932505,63914.81491755438,1,2,1,2567.621990661163
1,3.4661527882245924,142139.42317735543,3,2,3,3331.2266953892185
2,18.145858022776903,123099.08771849891,1,3,2,3543.3529534142617
1,11.715423773109366,106853.08881721579,3,3,2,3376.6547131637863
4,5.759989727454415,91177.65294794983,1,1,3,3199.9577651319755
1,19.920085518189687,116933.8703996103,3,2,3,4184.6038045079695
4,4.727442574802922,180886.98215584917,1,2,3,4558.1089291586295
2,6.478318466997153,98458.22682726763,2,1,1,2114.8545549281907
4,16.744979864020973,180538.6283299678,1,1,3,5279.915648624871
3,19.540624137913724,66498.04980508197,1,2,1,2736.00203119709
4,11.282056880071245,19576.927688317504,2,3,2,2907.9448274305496
1,18.188106985943953,123215.74023243794,2,3,1,3332.055357647253
2,4.591801271758144,63966.2919830112,2,1,3,2048.0394677411764
4,4.565039031999877,125778.29226195526,3,1,1,3883.7366593575375
1,16.392140474088162,120237.7988979636,3,2,2,3781.065986149439
3,4.312081001735621,151204.31692539802,2,1,2,2621.6656878333906
3,10.513386249856973,73479.95529585608,1,1,3,2285.773472682635
1,17.001082402346402,196618.55978815485,2,2,1,3731.190719765091
2,4.466719525798688,15398.575577757161,2,2,2,1425.6606187872464
4,11.295891439047002,51797.75448359953,3,1,1,3177.8289769327776
4,14.325970460024616,94294.8358066982,1,1,3,3799.8467356364768
3,12.071343447875728,178441.70773176893,3,1,3,4182.994283005095
2,19.72101307029636,34099.05271201915,2,1,3,2491.0798243432155
4,7.124992820670043,164163.35805546487,2,1,1,4069.0986309372483
3,7.542360225528286,89931.37830707901,2,1,3,2299.057715008532
2,8.152915834536486,173501.08847232914,1,2,1,3170.595479944119
3,5.121732823875353,197748.11315497974,1,2,2,3507.176760472005
3,3.8728995748055772,58330.300000959134,3,3,2,2480.071206866936
1,17.738405010755706,41690.11700964229,1,2,1,2257.4593394482927
2,1.2463919562593158,52762.173384355214,3,2,1,1874.212382624858
1,14.71713784556313,167704.64345689476,2,1,3,3400.2028855722324
3,8.317387419978633,109309.75263717806,3,1,3,3169.922370812466
3,1.2833357572358333,80534.8450757568,3,2,3,2373.3590019222665
1,6.759598996376832,50113.552335578555,3,1,2,2054.0667105009925
1,17.369402363829437,70673.03143388178,3,1,1,2642.03978719309
1,16.88747083813047,98231.44258351129,1,3,2,3283.9996773766834
2,2.2646384836850957,61212.74919469768,1,2,3,1897.9790043872622
4,9.953154872192851,54453.793274190335,1,1,2,2855.6663719350204
2,19.951149179080176,143556.0034407729,2,3,3,3969.979098392027
2,9.100577042718633,162345.28634696413,1,1,2,3271.2823114028674
2,8.57130710747835,177393.38033311194,2,2,2,3422.2884316649124
4,6.799082377071989,44540.00423515971,1,2,2,2470.721645577181
3,11.042366578853562,184129.54779256802,3,1,3,4058.174875610231
1,18.46997065808292,61924.921364107366,1,3,2,2794.9647700562127
2,6.96434546113535,84006.11120384072,1,2,1,2171.7308500475374
4,12.313819574880677,167638.49341699018,3,2,3,5792.536350453773
2,1.0906412063731667,147554.07614832008,1,3,1,2863.222759929542
1,16.51790275632886,78477.81342304134,2,2,2,2614.089231954642
4,15.307502833054123,90345.60636692328,2,3,2,4195.235807444379
3,18.89490337606072,67192.71621554298,1,2,1,2720.9303774300133
3,7.12229617729985,72042.42840368235,1,2,1,2037.8727474692528
